Fecha ,Codigo,Provincia,Analista,Director regional,codigo informe,Partido,color,Situación política en provincia,Lugares mayor urgencias en la provincia,Obras más crítica  en la  provincia,Institución que realiza la obras más crítica  en la  provincia,Ministro o director de obra más crítica en la provincia,Institución con más crisis en la provincia,Ministro o director de Institución con más crisis en la provincia,Crisis más potencial en la provincia,Institución vinculada a crisis más potencial en la provincia,Ministro o director de Institución con crisis más potencial en la provincia,Hallazgo relevante en la provincia,Institución  involucrada  en hallazgo relevante de la provincia,Ministro o director de institución con hallazgo relevante,Código,Municipios,Obras prometidas no iniciadas,Código,Municipios,Obras iniciadas municipio,Porcentaje avance,Situación obra,Código,Municipios,Urgencias polisociales,Código,Municipios,Novedades policiales,Código,Municipios,Novedades militares,Código,Municipios,Institución visitada,Hallazgos en Institución visitada,Código,Municipios,Temas predominantes,Código,Municipios,Noticias relevantes,Num. Informe,Comentarios,,
4/14/2022,25,25,Luis Caminero,Alberto Polanco,25,PRM  ,darkblue,Organizando convención,Puñal,AGUA POTABLE EN ESTANCIA NUEVA ,CAASD,ING FELIPE SUBERVI ,ADUANAS,LIC EDUARDO SANZ LOVATON ,Llamados a paro de ADP,Llamados a paro de ADP,Roberto Fulcar,Situación agua potable,CORASAAN,,25,350,REPARACION DE 10 VIVIENDAS ,25,350,Sin reporte,%,Sin reporte,25,350,FALTA DE NOMBRAMIENTOS ,25,350,Promueven nuevos incumbentes,25,350,Sin Novedad,25,350,ALCALDIA ,CONSTRUCCION DE BADENES ENTRADA LOS PAULINOS EN GUAYABAL ,25,350,PUENTE DE LA JAVILLA EN COLORADO SIGUE A OSCURAS ,25,350,FERIA CULTURAL EN LA COMUNIDAD DE LA ESTANCIA AUSPICIADA POR LA FUNDACION AMAPOLA ,IGP03DO25,"Superar el desafio de recibir los reportes a tiempo es un hallazgo de interés para esta provincia.
Las actividades culturales como la  feria cultural figura como una actividad de importancia en la comunidad de El Puñal.
El tema de la necesidad de alumbrado es importante tenerlo en cuentas.
",,
,,0,,,25,PLD,purple,Sin actividad,,,,,,,,,,,,,,,,,,,,,,,,,,,,,,,,,,,,,,,,,,,
,,0,,,25,FP,green,No logra consolidarse,,,,,,,,,,,,,,,,,,,,,,,,,,,,,,,,,,,,,,,,,,,
,,0,,,25,PRD                                                                 ,lightblue,Inactivo,,,,,,,,,,,,,,,,,,,,,,,,,,,,,,,,,,,,,,,,,,,
,,0,,,25,PRSC  ,red,Inactivo,,,,,,,,,,,,,,,,,,,,,,,,,,,,,,,,,,,,,,,,,,,
4/12/2022,15,15,Roberto Diaz,Alberto Polanco,15,PRM  ,darkblue,Visita de Guido Gomez a la provincia. ,Pepillo Salcedo,Hospital de Villa Vasquez,Ministerio de la Vivienda,Carlos Bonilla,INAPA,Wellington Arnaud,A causa de otorgar credito a criadores de chivos o ovejos sin consultar cooperativas. ,Banco Agricola,Fernando Durán,Situación de Policia Nacional en los municipios,Interior y Policia,Jesus Vasquez,15,41,Inició Hospital de Villa Vasquez,15,41,Asfalto en principales calles,%,Iniciando,15,41,Atender trafico de ciudadanos haitianos. ,15,41,Se solicita aumento de dotacion y motores,15,41,Trafico de haitianos en la zona,15,41,Banco Agricola,Solicitud de socialización de nuevos prestamos para criadores de chivos y ovejos,15,41,Inicio de asfaltado de  calles ,15,41,Visita del titular del Gabinete del Agua.,IGP03DO15,"Avanza la gestión de gobierno en la provincia Montecristi dando respuestas a obras prometidas como es el hospital de Villa Vasquez y el asfaltado de las calles.
Se reportan actividades de la politica social del gobierno.
Temas sociales de grans trascendencia en la zona como es el trafico de ilegales y el trabajo infantil-recordar que esta zona es de producción bananera y por ello es vigilada por organismos internacionales para temas como la explotación infantil. Otro tema social de importancia es la proliferación de puntos de drogas.",,
,,0,,,15,PLD,purple,Abel Martinez visita y conforma su estructura en provincia. ,,,,,,,,,,,,,15,86,Sin novedad,15,86,Sin novedad,%,Sin novedad,15,86,Militares permiten libre transito de extranjeros a traves de la frontera,15,86,Preparando operativo semana santa,15,86,Militares permiten libre transito de extranjeros a traves de la frontera,15,86,Gobernación provincial,Encuentro para solicitar participación en entrega de raciones a personas de escasos recursos,15,86,Puntos de drogas en municipio,15,86,No reportada,,,,
,,0,,,15,FP,green,Freddy Perez se encuentra realizando contactos y reuniones con dirigencia en la provincia.,,,,,,,,,,,,,15,72,Inició obra prometida que era el hospital,15,72,Hospital de Villa Vasquez ,%,Iniciando,15,72,Mejorar dotación policial,15,72,Se solicita aumento de dotación y motores,15,72,Sin novedad,15,72,Superate,Reunión para solicitar la pronta instalacion de verifone para comercios de la zona,15,72,Procuraduria Niños Niñas y Adolescentes visita fincas agricolas y hace arrestar a empleados bajo acusacion de explotación infantil ,15,72,Inicio de rellenos en caminos vecinales  ,,,,
,,0,,,15,PRD                                                                 ,lightblue,Inactivo,,,,,,,,,,,,,15,117,Carretera Santa Cruz-La Horca,15,117,Complejo Habitacional ,90%,En progreso,15,117,Rehabilitación del Rio Maguaca,15,117,Se solicita aumento de dotacion y motores,15,117,Sin novedad,15,117,Procuraduria de Medio Ambiente,Se socializa posible rehabilitación del Rio Maguaca,15,117,Situación de Unidad de Atencion Primaria del municipio. Ciudadania pide su reparación ,15,117,Sin reportar,,,,
,,0,,,15,PRSC  ,red,Inactivo,,,,,,,,,,,,,15,101,Sin novedad,15,101,Sin novedad,Sin novedad,Sin novedad,15,101,Mejorar dotación policial,15,101,Se solicita aumento de dotacion y motores,15,101,Sin novedad,15,101,Destacamento policial,Se solicita remozamiento urgente,15,101,Procuraduria Niños Niñas y Adolescentes visita fincas agricolas y hace arrestar a empleados bajo acusacion de explotación infantil ,15,101,Colaboracion entre autoridades del gobierno central alcaldia y Procuraduria de Medio Ambiente para promover rescate de Rio Maguaca,,,,
,,0,,,,,,,,,,,,,,,,,,,15,45,Sin novedad,15,45,Sin novedad,Sin novedad,Sin novedad,15,45,Situación de titulación de ciudadanos en El Pocito deben ser integrados al Plan de Titulación.,15,45,Sin novedad,15,45,Sin novedad,15,45,Sin novedad,Sin novedad,15,101,Sin novedad,15,45,Sin novedad,,,,
4/13/2022,24,24,Roberto Diaz,Rafael Olmos,24,PRM  ,darkblue,En proceso convención ,NO PROCESADO,Planta de Tratamiento de sistema cloacal,,,MINERD,,Paro ADP,,,Movimientos para paro de ADP,,,24,87,Se solicita baño para Escuela El Samo,24,87,Planta de Tratamiento de sistema cloacal,30%,En progreso,24,87,No se presenta caso,24,87,Preparativo semana santa,24,87,Sin novedad,24,87,Sub-Zona de Agricultura ,Preparación de 5000 tareas de tierras para promover la siembra de maiz. ,24,87,Entrega de becas por parte del senador a jovenes ,24,87,Acondicionamiento de la cancha de San Miguel con pintura y luces. ,IGP03DO24,"Los movimientos huelgarios de la ADP en demanda de aumento salarial para los maestros es de la noticia más relevante de la  provincia esta semana.
Las obras que construye el gobierno marchan a buen ritmo. Se observa satisfacción por acciones como la entrega de titulos de propiedad a dueños de parcelas y de becas a jovenes.
Aparecen pequeños deterioros de infraestructura que deben darsele respuestas.",,
,,0,,,24,PLD,purple,No tuvo actividad,,,,,,,,,,,,,24,52,Intervención de caminos vecinales,24,52,Hospital de Cevicos,30%,En progreso,24,52,Quejas por aumento de la canasta familiar,24,52,Preparativo semana santa,24,52,Sin novedad,24,52,Multiuso municipal,Avances minimos en la construccion de la estructura.,24,52,No reportado,24,52,Conflicto por paralización de docencia a cargo de la ADP.,,,,
,,0,,,24,FP,Green,Pocos movimientos,,,,,,,,,,,,,,,,,,,,,,,,,,,,,,,,,,,,,,,,,,,
,,0,,,24,PRD                                                                 ,lightblue,No reporte esta semana,,,,,,,,,,,,,,,,,,,,,,,,,,,,,,,,,,,,,,,,,,,
,,0,,,24,PRSC  ,red,No reporte esta semana,,,,,,,,,,,,,,,,,,,,,,,,,,,,,,,,,,,,,,,,,,,
4/11/2022,12,12,Pedro Martinez,Freddy Capellán,12,PRM  ,darkblue,PRM fuera del tren gubernamental,SECTORES PICA PIEDRA PIEDRA LINDA LA LECHOZA SAN ANDRES EL TAMARINDO Y VILLA PARAISO,MAL ESTADO  80% DE CALLES,Alcaldia Municipal,Alcaldia Municipal,INAPA,NO REPORTADO,Mal estado de calles,Ministerio Obras Públicas,Deligne Ascención,Mal estado de las calles,NO REPORTADO,NO REPORTADO,12,26,Ampliación de acueducto municipal y distrito Cumayasa,12,26,Hospital Municipal,70%,EN PROGRESO,12,26,Falta camión de bomberos,12,26,En preparativos semana santa,12,26,SIN NOVEDAD,12,26,Gobernación,Está siendo remozada.,12,26,Situación Vial entre los municipios Villa Hermosa y La Romana es caótica se necesitan ampliación elevado y vías alternativas.,12,26,Marcha Protesta por calles aceras contenes acueducto sistema eléctrico de los sectores Brisas del mar y Juan Pablo Duarte,IGP03DO12,"En preparativos para recibir a visitantes de semana santa en en provincia turistica.
Poner atención al deterioro de calles y aceras y requerimientos de puentes peatonales-pues parece ser la crisis potencial de esta provincia.
Sectores productivos comentan sobre aprobación de ley para eliminar aranceles.",,
,,0,,,12,PLD,purple,Constante oposición en los medios.,,,,,,,,,,,,,12,3220,Cementerio municipal ,12,3220,Sin novedad,%,No informado,12,3220,Falta del personal policial en los puestos del Cedro la Gina La mina y Sabana de Nisibon,12,3220,Falta de personal en puestos policiales,12,3220,SIN NOVEDAD,12,3220,INAPA,Instalación tuberias de agua.,12,3220,Preparativo para recibir miles de visitas para Semana Santa en el municipio de miches.,12,3220,Aprobación de la ley de taza cero a los aranceles de primera necesidad.,,,,
,,0,,,12,FP,green,En eventos y reuniones.,,,,,,,,,,,,,,,,,,,,,,,,,,,,,,,,,,,,,,,,,,,
,,0,,,12,PRD                                                                 ,lightblue,Inactivo,,,,,,,,,,,,,,,,,,,,,,,,,,,,,,,,,,,,,,,,,,,
,,0,,,12,PRSC  ,red,Inactivo,,,,,,,,,,,,,,,,,,,,,,,,,,,,,,,,,,,,,,,,,,,
4/11/2022,11,11,Pedro Martínez,Freddy Capellán,11,PRM  ,darkblue,Trabajando para la convención de delegados,Higuey,No Reportado,No Reportado,No Reportado,No Reportado,No Reportado,No Reportado,No Reportado,No Reportado,Trabajos para la convención partido de gobierno,No Reportado,No Reportado,11,28,No se reportó,11,28,Sin reportes,%,Sin reportes,11,28,Convención de partido de gobierno,11,28,Preparando operativo de Semana Santa,11,28,Sin novedad,11,28,No hubo visita,No hubo visita,11,28,Convención PRM,11,28,Aprobación de la ley de taza cero a los aranceles de primera necesidad.,IGP03DO11,"La Altagracia es una provincia turistica que recibe miles de visitantes en el periodo de semana santa por ello las instituciones de esta comunidad están en esta semana en preparativo para dar respuesta a los requeremientos de estos visitantes.
Por igual los mecanismos de socorro y la policia nacional estan en preparativos.
Se destaca la gran actividad del partido en el gobierno PRM que esta en proceso de preparar su convención nacional. La aprobación de la tasa cero para productos importados es tema de conversación entre los sectores politicos y productivos de la provincia.",,
,,0,,,11,PLD,purple,Inactivo,,,,,,,,,,,,,,,,,,,,,,,,,,,,,,,,,,,,,,,,,,,
,,0,,,11,FP,green,Captando dirigentes del PLD,,,,,,,,,,,,,,,,,,,,,,,,,,,,,,,,,,,,,,,,,,,
,,0,,,11,PRD                                                                 ,lightblue,Olvidado,,,,,,,,,,,,,,,,,,,,,,,,,,,,,,,,,,,,,,,,,,,
,,0,,,11,PRSC  ,red,Cerrado,,,,,,,,,,,,,,,,,,,,,,,,,,,,,,,,,,,,,,,,,,,
4/11/2022,9,9,Luis Caminero, Nelson Abreu,9,PRM  ,darkblue,ORGANIZANDO CONVENCIÓN,Cayetano Germosén,HOSPITAL RAFAEL GUTIERREZ SANCHEZ,SNS ,LIC. MARIO LAMA ,SNS ,LIC. MARIO LAMA ,REPARACION HOSPITAL RAFAEL GUTIERREZ  SANCHEZ,SNS ,LIC. MARIO LAMA ,La reconstrucción de caminos vecinales y la situación del cuartel de bomberos,SIN NOVEDAD,SIN NOVEDAD,9,54,CUARTEL DE BOMBEROS ,9,54,CUARTEL DE BOMBEROS ,15%,PARALIZADA,9,54,REPARACION HOSPITAL RAFAEL GUTIERREZ SANCHEZ,9,54,SIN NOVEDAD,9,54,SIN NOVEDAD,9,54,No hubo visitas,No hubo visitas,9,54,CUARTEL DE BOMBEROS MAL ESTADO,9,54,REPARACIONES DE CAMINOS VECINALES ,IGP03DO9,La reconstrucción de caminos vecinales y la situación del cuartel de bomberos son los hallazgos relevantes en esta semana en la Provincia. Deben mejorar los reportes de esta importante provincia del país.,,
,,0,,,9,PLD,purple,POCO MOVIMIENTO ACTIVISTA ,,,,,,,,,,,,,,,,,,,,,,,,,,,,,,,,,,,,,,,,,,,
,,0,,,9,FP,green,No realizó actividad esta semana,,,,,,,,,,,,,,,,,,,,,,,,,,,,,,,,,,,,,,,,,,,
,,0,,,9,PRD                                                                 ,lightblue,INACTIVO,,,,,,,,,,,,,,,,,,,,,,,,,,,,,,,,,,,,,,,,,,,
,,0,,,9,PRSC  ,red,INACTIVO,,,,,,,,,,,,,,,,,,,,,,,,,,,,,,,,,,,,,,,,,,,
4/14/2022,26,26,Roberto Diaz,Alberto Polanco,26,PRM  ,darkblue,Consejal de Villa los Almacigos Tony Duran fue arrestado por el MP por presunta violación a adolescente.,Toda la provincia,Acueductos,INAPA,Wellington Arnaud,Digesett,Gral. Guzman Peralta,Paro de labores en Hospital Provincial,Servicio Nacional de Salud,Mario Lama,Detenciones recurrentes de miembros de digesett,Digesett,Gral. Guzman Peralta,26,46,Sub Centro UASD,26,46,Electrificación Carretera Los Quemados,95%,Concluyendo,26,46,Convocatoria a paro medico por 48 horas en Hospital Provincial de Santiago Rodriguez a partir del dia 5 de abril. ,26,46,Preparativos operativo semana santa,26,46,Sin novedad,26,46,Hospital General Provincial,Se sostuvo encuentro para conocer sobre  abastecimiento y contrato de nuevos especialistas. ,26,46,Tras varias rondas de discusiones entre autoridades y representantes del CMD fue levantado el paro en el Hospital Provincial de Santiago Rodriguez. ,26,46,Población satisfecha con avance de carretera La Zamba - Martin Garcia. ,IGP03DO26,"La urgencia social que había en la comunidad era la programación de un paro de labores en el hospital fruto de un acuerdo entre el SNS y los convocantes fue ya superado.
Importante demanda de los productores de casabe de que sea incluido este producto en el desayuno escolar debemos recordar que Santiago Rodriguez es una Provincia productora de ese alimento.Las infraestructuras avanzan a buen ritmo-aunque se desataca la información de que la Obra que construye el INAIPI en Villa los Almacigos está paralizada en un 40 % desde finales de la gestión de gobierno pasado.",,
,,0,,,26,PLD,purple,Inactivo,,,,,,,,,,,,,26,116,Acueducto,26,116,INAIPI,40%,PARALIZADA,26,116,Fuegos forestales en la zona,26,116,Patrullaje,26,116,Sin novedad,26,116,Gobernación Provincial,Infraestructura en proceso de remodelación ,26,116,Resolución que promueve el derecho de las trabajadoras domesticas. ,26,116,Poblado ve con beneplacito esfuerzo del gobierno al asumir precio de combustibles. ,,,,
,,0,,,26,FP,green,Inactivo,,,,,,,,,,,,,26,42,Acueducto,26,42,UNAP,100%,En equipamiento,26,42,Sin novedad,26,42,Patrullaje,26,42,Sin novedad,26,42,Sin novedad,Sin novedad,26,42,Preocupación de municipes por ruidos provocados por carreras clandestinas. ,26,42,Fabricantes de casabe piden apoyo del Estado para suplir a escuelas y ser incluidos en programas sociales. ,,,,
,,0,,,26,PRD                                                                 ,lightblue,Inactivo,,,,,,,,,,,,,,,,,,,,,,,,,,,,,,,,,,,,,,,,,,,
,,0,,,26,PRSC  ,red,Inactivo,,,,,,,,,,,,,,,,,,,,,,,,,,,,,,,,,,,,,,,,,,,
4/14/2022,27,27,Roberto Díaz,Alberto Polanco,27,PRM  ,darkblue,Se comienza a salir de control situacion de empleos. Militantes planean protestar frente a instituciones. ,Mao,Situación de migración en la zona,Dirección General de Migración,Enrique Garcia ,No se reporta ,No se reporta ,Destrucción de reductores de velocidad en Esperanza. Deben evitarse mas protestas,Intrant y Obras Publicas,Deligne Ascención y Rafael Arias ,Quema de gomas en Esperanza el dia 8 de abril. ,Obras Públicas e Intrant ,Deligne Ascención y Rafael Arias,27,34,Reconstrucción de 40 viviendas en Jaibón Pueblo Nuevo. ,27,34,Liceo Experimental de la UASD,%,Iniciada,27,34,Se informa que miembros del partido oficialista fraguan plan de protesta para reclamar por empleos en instituciones de la provincia. ,27,34,Se exige construcción de destacamento policial ,27,34,Dirige el Cor. Faustino Almonte,27,34,INAPA,Inicia trabajos para mejorar el suministro de agua en laVilla Olimpica San Antonio y Motocros.,27,34,Fueron inauguradas tres Farmacias del Pueblo en el municipio. ,27,34,Gobernadora y Ejercito se reunieron con productores bananeros para tratar la problemática de la migracion haitiana,IGP03DO27,"Avance en la construcción de obras y ambiente de protestas en la provincia Valverde son los temas sobresalientes de esta semana.
Las protestas por varios motivos pero esencialmente por la destrucción de reductores de velocidad y por empleo para los militantes del PRM",,
,,0,,,27,PLD,purple,Inactivo,,,,,,,,,,,,,27,33,Servicio Nacional de Salud,27,33,CAIPI,95%,En progreso,27,33,Atender situación de Edificio de Cruz Roja presente en reporte por tercera semana consecutiva. ,27,33,Acondicionamiento de destacamento municipal,27,33,Sin novedad,27,33,Cruz Roja,Necesita intervención estructural y de equipos,27,33,Senador Eddy Nolasco hizo entrega de pensiones a envegecientes en nombre del Senor Presidente de la República. ,27,33,El dia 8 de este mes fueron encendidos neumaticos contra Intrant y Obras Póblicas por estos haber destruido reductores de velocidad en las calles. ,,,,
,,0,,,27,FP,green,Inactivo,,,,,,,,,,,,,27,92,Sin novedad,27,92,Presa de La Caya,%,En progreso,27,92,No se observa por el momento.,27,92,Comanda Capitan Dionicio Morel,27,92,Sin novedad,27,92,Hospital Municipal,Se encuentra en etapa de remozamiento. Los trabajos van bien.,27,92,Limpieza de los canales de riego de municipio.,27,92,Sin novedad,,,,
,,0,,,27,PRD                                                                 ,lightblue,Inactivo,,,,,,,,,,,,,,,,,,,,,,,,,,,,,,,,,,,,,,,,,,,
,,0,,,27,PRSC  ,red,Inactivo,,,,,,,,,,,,,,,,,,,,,,,,,,,,,,,,,,,,,,,,,,,
4/11/2022,32,32,ROSMERY ROJAS.,Lucila De León Martínez,32,PRM  ,darkblue,SE ENCUENTRA EN UN BUEN MOMENTO. ,LOS FRAILES,POLICLINICA DE LOS FRAILES,SNS,MARIO LAMA,MINISTERIO DE OBRAS PUBLICAS.,DELIGNE ASENCIÓN,EL ALUMBRADO DE SANTO DOMINGO ESTE.,EDEESTE,ANDRES ASTACIO,LA PARALIZACION DE LA ESTANCIA INFANTIL DE VILLA LIBERACION QUE TIENE UN 30% Y ESTA PARALIZADA.,INAIPI,BETZAIDA MANOLA SANTANA,32,223,ASFALTO DE LAS CALLES NICOLAS BRAZOBAN Y LA CALLE PRIMERA DE LOS MINA,32,223,AV. LA PISTA DE SAN ISIDRO. ,75%,EN PROGRESO.,32,223,EN EL MUNICIPIO SE HA DESATADO UNA BANDA QUE SE DEDICA AL CAMBIO DE TARJETA A PERSONAS QUE SE ENCUENTRAN EN LOS CAJEROS,32,223,CRISIS CON LOS MIEMBROS  DE  LA DIGESSETT,32,223,SIN NOVEDAD,32,223,CAASD,PARA RESOLVER PROBLEMAS INMEDIATA DE FALTA DE AGUA POTABLE.,32,223,EN EL MUNICIPIO SE HA DESATADO UNA BANDA QUE SE DEDICA AL CAMBIO DE TARJETA A PERSONAS QUE SE ENCUENTRAN EN LOS CAJEROS,32,223,LA CANTIDAD DE HAITIANOS ILEGALES QUE VIVEN EL MUNICIPIO.,IGP03DO32,"Se reportan en estos municipios amplia actividad de construcción de obras de infraestructura  por parte del gobierno. Persisten los problemas de agua potable en Santo Domingo Este. Se cita una alta población de migrantes ilegales.
El tema del comportamiento de los agentes de Digessett persiste.",,
,,0,,,32,PLD,purple,SU MILITANTES ESTAN EN CONSTANTE RENUNCIAS. ,,,,,,,,,,,,,32,226,PROYECTO HABITACIONAL EN JUBEY ,32,226,ELEVADO DE LA AUTOPISTA LAS AMERICAS,97%,EN PROGRESO,32,226,RECOGIDA DE BASURA,32,226,ROBO  WESTER UNION EN BOCA CHICA,32,226,SIN NOVEDAD,32,226,ESCUELA PADRE ERNESTO GOYENECHE,UNA PARED A PUNTO DE COLAPSAR,32,226,INAUGURACION DE LA FERIA DEL MARISCO,32,226,ROBO A MANOS ARMADA EN LA SUCURSAL DE WESTER UNION EN BOCA CHICA,,,,
,,0,,,32,FP,green,ALIMENTANDOSE DEL PLD.     ,,,,,,,,,,,,,32,227,POLIDEPORTIVO ,32,227,RECONSTRUCCION DE LAS CALLES DEL CASCO URBANO DEL MUNICIPIO,%,EN PROGRESO,32,227,LA NO DESIGNACION DE DOCENTES QUE APROBARON EL CONCURSO EN EDUCACION,32,227,SIN NOVEDAD,32,227,SIN NOVEDAD,32,227,GOBERNACION,SEGUIMIENTO A LAS OBRAS MUNICIPALES,32,227,NEGACION DE LA OPOSICION A APROBAR LA ELIMINACION DE LOS ARANCELES,32,227,VISITA DEL MINISTRO DE OBRAS PUBLICAS ,,,,
,,0,,,32,PRD                                                                 ,lightblue,LUCEN MUY DEBILES,,,,,,,,,,,,,,,,,,,,,,,,,,,,,,,,,,,,,,,,,,,
,,0,,,32,PRSC  ,red, PRSC NO SE OBSERVAN NINGUNA ACCION POLITICA.,,,,,,,,,,,,,,,,,,,,,,,,,,,,,,,,,,,,,,,,,,,
4/12/2022,30,30,BIANETTE CASTILLO,,30,PRM  ,darkblue,PREPARANDO SU CONVENCION      ,CENTRO DE LA CIUDAD DE HATO MAYOR,POLIDEPORTIVO,MINISTERIO DE DEPORTE,FRANCISCO CAMACHO,MINISTERIO DE EDUCACION,ROBERTO FURCAL,FALTA DE ENERGIA ELECTRICA,EDEESTE,RAMON FRONTAL,REMOZAMIENTO DEL POLIDEPORTIVO ESTE ES EL ATRACTIVO MAS IMPORTANTE DE LA PROVINCIA.,MINISTERIO DE DEPORTE,FRANCISCO CAMACHO,30,27,REMOZAMIENTO DEL POLITECNICO,30,27,COMEDORES ECONOMICOS,%,En proceso,30,27,LOS CONSTANTES APAGONES,30,27,Preparando Operativo Semana Santa,30,27,SIN NOVEDAD,30,27,CPN,LA PLANTA DE ENERGIA DAÑADA,30,27,ELIMINACION DE IMPUESTOS A LOS PRODUCTOS DE PRIMERA NECESIDAD,30,27,ENTREGA DE LA TARJETA SUPERATE,IGP03DO30,Se reportan actividades de dos municipios. Con hallazgos principales vinculados al sector salud. Poca novedades en esta semana,,
,,0,,,30,PLD,purple,No realizó actividad,,,,,,,,,,,,,30,67,CONSTRUCCION DE UN CENTRO COMUNAL ,30,67,LICEO DE LA CAÑITA ,60%                                  70%,En proceso,30,67,LA ESCUELA DE LA LOMA TUVO VISITA DEL DEPTO DE PLANIFICACION PARA REACONDICIONALO Y DEJARLO LISTO PARA UNA SEGUNDA FASE,30,67,Preparando Operativo Semana Santa,30,67,SIN NOVEDAD,30,67,ESCUELA DE MAGUA                                                                                                                                                                                                                                                                ,EL CENTRO ES MUY PEQUEÑO PARA LA CANTIDAD DE ESTUDIANTE QUE RECIBEN DOCENCIA,30,67,EL LUJOSO YATE ATOMIC ESTA ANCLADO EN CASA DE CAMPO,30,67,CESAR IGLESIA PRIMERA EMPRESA QUE EMITIRA ACCIONES EN EL MERCADO DE VALORES,,,,
,,0,,,30,FP,green,Sin actividad,,,,,,,,,,,,,,,,,,,,,,,,,,,,,,,,,,,,,,,,,,,
,,0,,,30,PRD                                                                 ,lightblue,Inactivo,,,,,,,,,,,,,,,,,,,,,,,,,,,,,,,,,,,,,,,,,,,
,,0,,,30,PRSC  ,red,Inactivo,,,,,,,,,,,,,,,,,,,,,,,,,,,,,,,,,,,,,,,,,,,
4/12/2022,22,22,BIANETTE CASTILLO,Ana Maria Castillo,22,PRM  ,darkblue,SENADORES DEL PRM QUE DECLARAN APOYO A PALIZA Y A CAROLINA MEJIA ,BOHECHIO,CARRETERA COMENDADOR-MACACÍAS,OBRAS PUBLICAS,OBRAS PUBLICAS,MINISTERIO DE EDUCACION,ROBERTO FURCAL, METODO DE ESCOGENCIAS DE LAS CANDIDATURAS DEL PARTIDO ,PRM,IGNACIO PALIZA, EN EL MUNICIPIO DE BOHECHIO NO HAY NI UNA OBRA INICIADA.,DEPORTES Y GOBIERNO                                                              PRM,IGNACIO PALIZA,22,12,FUNERARIA MUNICIPAL DE MATAYAYA,22,12,CUARTEL DE CARRERA DE YEGUA. ,100%,PROGRESO  Y TERMINADA ,22,12,ENTREGA DE ALTAS TECNOLOGIA AL HOSPITAL DE VALLEJUELO,22,12,TERMINACION DEL CUARTEL DE CARRERA DE YEGUA. ,22,12,Sin novedad,22,12,INAPA,CANALIZANDO SOLUCION AL PROBLEMA DE AGUA DEL MUNICIPIO VALLEJUELO-LAS MATAS-CERCADO Y JUAN HERRERA,22,12,DESAPARICION DE UN NIÑO DE JUAN HERRERA,22,12,DIPUTADOS OCULTANDO PATRIMONIOS,IGP03DO22,"Se reportan 5 municipios en este informe. Se destacan las obras de infraestructuras iniciadas por el gobierno-Sobre todo el cuartel de Carrera de Yegua y el impacto de la venta de los combos de Inespre.
El municipio con más crisis es del de Bohechio en donde además de no haberse iniciado ninguna obra en la visita al destacamento de la policia se identifican algunas necesidades.
La falta de agua en el hospital de Vallejuelo es una de los pequeños desafios a ser resueltos. ",,
,,0,,,22,PLD,purple,SUS REUNIONES SON CONCURRIDAS ,,,,,,,,,,,,,22,11,SISTEMA CLOACAL DE LAS MATAS ,22,11,No reportada,No reportada,No reportada,22,11,APERTURA DEL HOGAR GERIATICO,22,11,Preparando Operativo Semana Santa,22,11,Sin novedad,22,11,CAIPI ,PERSONAL DE LA GESTIÓN PASADA,22,11,DEBATE GLORIA REYES Y MARGARITA CEDEÑO,22,11,18 SENADORES DEL PRM QUE APOYAN A PALIZA Y A CAROLINA MEJIA ,,,,
,,0,,,22,FP,green, CONSTANTE REUNIONES,,,,,,,,,,,,,22,109,CONSTRUCCION DE UN COMPLEJO HABITACIONAL,22,109,NINGUNA,No reportada,No reportada,22,109,RETIRO DE LOS 5 MIL PESOS QUE SE LE DABA A LOS DUEÑOS DE FINCA EN PROYECTO AGROFORESTAL UTEPDA,22,109,ASESINATO DE UN HOMBRE  Y UNA MUJER A PLENA LUZ DEL DIA,22,109,Sin novedad,22,109,DESTACAMENTO DE LA POLICIA,GUAGUAS CON MAS DE 5 MESES AVERIADAS ,22,109,ASESINATO DE UN HOMBRE  Y UNA MUJER A PLENA LUZ DEL DIA,22,109,PERU DECLARA EMERGENCIA AL SECTOR TURISMO TRAS CRISIS DE PANDEMIA,,,,
,,0,,,22,PRD                                                                 ,lightblue,INACTIVO,,,,,,,,,,,,,22,14,ASFALTADO EN TODO EL MUNICIPIO,22,14,CONSTRUCCION DEL PUENTE DE LA COLONIA,No reportada,No reportada,22,14,EL PERSONAL QUE ESTA TRABAJANDO EN SUPERATE NO ESTA NOMBRADO,22,14,Preparando Operativo Semana Santa,22,14,Sin novedad,22,14,HOSPITAL MUNICIPAL,FALTA DE SILLAS Y FALTA DE PERSONAL,22,14,NUEVOS SUELDOS Y BENEFICIOS A LAS TRABAJADORAS DOMESTICAS,22,14,COMBO DE VENTAS DE LAS HABICHUELAS CON DULCE,,,,
,,0,,,22,PRSC  ,red,INACTIVO,,,,,,,,,,,,,22,108,CONSTRUCCION DEL ACUEDUCTO DE SABANA GRANDE Y JORGILLO,22,108,PUENTES CALLE 27 DE FEBRERO Y CAONABO QUE UNIFICAN EL CENTRO DEL PUEBLO ,38%,En progreso,22,108,SITUACION DE LA ADP IMPACTO EN LA PERDIDA DE DOCENCIA,22,108,Preparando Operativo Semana Santa,22,108,Sin novedad,22,108,HOSPITAL MUNICIPAL,RESOLVER PROBLEMA DE AGUA POTABLE,22,108,FALTA DE AGUA EN DIVERSOS SECTORES,22,108,LEY LABORAL EN BENEFICIO DE LAS TRABAJADORAS DOMESTICAS,,,,
4/12/2022,23,23,BIANETTE CASTILLO,Freddy Capellán,23,PRM  ,darkblue,PREPARANDO SU CONVENCION,FRANCISCO RIOS Y AV. FRANCISCO CAAMAÑO,MERCADO MUNICIPAL SPM,AYUNTAMIENTO MUNICIPAL,RAYMUNDO ORTIZ,SNS,MARIO LAMA,POSIBLE EPIDEMIA POR ACUMULACION DE DESECHOS SOLIDOS EN EL MERCADO MUNICIPAL,ALCALDIA MUNICIPAL,RAFAEL RAYMUNDO ORTIZ,CONDICIONES DE INSALUBRIDAD QUE EXISTEN EN EL MERCADO MUNICIPAL,ALCALDIA MUNICIPAL,RAFAEL RAYMUNDO ORTIZ,23,23,COMPLEJO HABITACIONAL LAS PALMAS,23,23,CALLE DUARTE,40%,En progreso,23,23,PARO DE DOCENCIA DE PARTE DE LA ADP,23,23,GRAL. RAMON SAMUEL AZCONA RECIEN DESIGNADO COMANDANTE REGIONAL SURESTE,23,23,Sin novedad,23,23,AYUNTAMIENTO MUNICIPAL,SEGUIMIENTOS DE OBRAS MUNICIPALES ,23,23,PUBLICACI´ON DE LA DGII DE 2 NORMAS GENERALES PARA REGULAR LA CONSTANCIA FEHACIENTE DE PAGOS,23,23,MEDIO AMBIENTE Y ALCALDIA INTERVIENEN CASETAS DEL MALECON POR LA INSTALACION DE TUBERIAS PARA POZOS SEPTICOS,IGP02DO23,En el reporte de la provincia se evidencia la actividad del gobierno mediante la construcción de multiples obras de infraestructura y el impacto en la venta de los kits de Inespre. Al tema del mercado municipal y sus niveles de insalubridad se le debe poner especial atención pues podrí terminar en protestas y reclamos.,,
,,0,,,,PLD,purple,POCO ACTIVISMO,,,,,,,,,,,,,23,146,PUENTE DE INVI QUE ENLAZA EL BARRIO LA LOMA,23,146,PARQUE BATEY ULLOA  ,100%,Finalizando,23,146,PARO DE DOCENCIAS,23,146,INVESTIGACION ABIERTA DE NIÑA AHOGADA,23,146,Sin novedad,23,146,DISTRITO ESCOLAR 05-08  ,CANCELACION DE LOS MISMOS COMPAÑEROS,23,146,INAUGURACION COMPLEJO DEPORTIVO BATEY ULLOA,23,146,PUESTA EN FUNCIONAMIENTO DEL ACUEDUCTO NUEVO,,,,
,,0,,,,FP,green,EN REUNIONES Y JURAMENTACIONES       ,,,,,,,,,,,,,23,138,CONSTRUCCION DE LA ESCUELA LOS CHICHARRONES ,23,138,ACUEDUCTO DE AGUA POTABLE,60%,PROGRESO,23,138,ALTA FACTURACION EN LA TARIFAS ELECTRICAS,23,138,Preparando operativo Semana Santa,23,138,SIN NOVEDAD,23,138, IAD-SCE,EMPEZAR EL PROCESO DE TITULACION DE TIERRAS EN EL MUNICIPIO DE CONSUELO,23,138,RECLAMO DEL PUEBLO Y DE DIPUTADOS PARA QUE SE EXCLUYAN DE LA AFP,23,138,GOBIERNO DONARA 2 MIL MILLONES DE PESOS A CLINICAS PRIVADASA A TASAS PREFERENCIALES,,,,
,,0,,,,PRD                                                                 ,lightblue,LOCAL CERRADO,,,,,,,,,,,,,23,24,CARRETERA CAYACOA-LOS LLANOS,23,24,TERMINACION DEL MULTIUSO DEPORTIVO,60%,EN PROGRESO,23,24,FALTA DE MOBILIARIOS Y EQUIPOS DE OFICINA EN MINISTERIO DE AGRICULTURA,23,24,Preparando operativo Semana Santa,23,24,SIN NOVEDAD,23,24,MINERD ,UBICACIÓN DE LOS MAESTROS QUE APROV,23,24,VENTAS DE LOS COMBOS DE INESPRE,23,24,VENTAS DE LOS COMBOS DE INESPRE,,,,
,,0,,,,PRSC  ,red,INACTIVO,,,,,,,,,,,,,23,364,ASFALTADO COMUNIDAD DE HONDURA,23,364,CONSTRUCCION DEL PARQUE INFANTIL EN LA COMUNIDAD NUEVO GUAYACANES,50%,EN PROGRESO,23,364,TERMINACIÓN DE LA ESCUELA LOS GUAYACANES,23,364,Preparando operativo Semana Santa,23,364,Robo de bote.,23,364,DISTRITO EDUCATIVO 05-01,EL CONCURSO DE MAESTROS,23,364,ENTREGA PRIMERA LICENCIA DE CONDUCIR DE MOTORES ( INTRANT),23,364,ROBO DE UN BOTE DE FIBRA PROPIEDAD DE LA ASOCIACION DE PESCADORES,,,,
,,0,,,,,,,,,,,,,,,,,,,23,30,CONSTRUCCION MERCADO MUNICIPAL,23,30,CONSTRUCCION PROYECTO VIVIENDA FELIZ                                                                                                                                                                                                                                                                     ,30%,EN PROGRESO,23,30,AUN NO SE DESVINCULAN LOS EMPLEADOS DE LA ANTERIOR GESTION,23,30,Preparando operativo Semana Santa,23,30,SIN NOVEDAD,23,30,LICEO FEDERICO BERMUDEZ ,NO POSEE VERJA EPERIMETRAL LO QUE PROVOCA INTRANQUILIDAD EN EL CENTRO                                                                                                                                        SE ENCUENTRA EN TOTAL ABANDONO,23,30,RECONOCIMIENTO A LA ALCALDESA POR SU BUENA GESTION SEGÚN ENCUESTA GALLUP,23,30,ESTUDIANTES HAITIANOS RECUPERAN SUS PASAPORTES Y VISAS,,,,
4/11/2022,21,21,Jasmín Abreu ,,21,PRM  ,darkblue,Los mples de  dirigentes del PRM esta poniendo en riesgo la estabilidad del gobierno,Yaguate,Construcción de los recintos los brancos y machin,Ministerio de Obras  Públicas,Deligne Ascención,Ministerio de Obras  Públicas,Deligne Ascención,Protestas  ADP,Ministerio de Educación,Roberto Fulcar,Los nombramientos de PRMístas .,Ministerio de Obras Públicas- PRM,Deligne Ascención- Jose Ignacio Paliza,21,2,Construcción de los recintos los Brancos y Machin,21,2,No reportada,%,No reportada,21,2,Las protestas de ADP,21,2,Preparando operativo semana santa,21,2,Sin novedad,21,2,Ministerio de Educación,Las protestas de ADP,21,2,Situación de los puestos para PRMísstas,21,2,Entrega de 985 título definitivos de propiedad,IGP03DO21,"Reporte de 5 municipios de la Provincia San Cristóbal. De impacto la noticia de entrega de titulos definitivos de propiedad a municipes.
La preparación para la semana santa asi como el impacto en la población de los Kits de Inespre se destacan en el reporte de esta semana.
Servicios de salud con desafios sobre todo en la falta de personal. Se identifican abusos policiales en la comunidad de Yaguate. Comunidad de donde se reporta que el complejo habitacional iniciado por el gobierno y avanzado en un 60% está detenida su construcción.
Se identifica que la noticia del proyecto para disminuir aranceles es relevante en la comunidad agricola.
Dar seguimiento al tema de la ADP y la programación de protestas.",,
,,0,,,21,PLD,purple,Realiza acto de presentación en releccción de cuatro años más de la alcaldesa Rosa Peña,,,,,,,,,,,,,21,93,Asfaltado de las calles,21,93,Rehabilitación Acueducto,35%,En progreso,21,93,Pago personal de Medio Ambiente a los cuales no cobran desde el mes de diciembre,21,93,Preparando operativo semana santa,21,93,Sin novedad,21,93,Hospital de Haina Barsequillo,Falta de médicos y especialistas en Cardiologia y Ortopedia- el cumulo de trabajo  del mismo hacen que las citas se programen a 2 o 3 meses,21,93,El gran impacto que ha tenido en la poblacion los kit alimenticios de INESPRE en los supermercados,,,,,,,
,,0,,,21,FP,green,Sin actividad esta semana,,,,,,,,,,,,,21,83,Calle Sabana Palenque ,21,83,No reportada,No reportada,No reportada,21,83,En el Ministerio de Agricultura hay problemas por falta de personal dificulta el trabajo de agricultores,21,83,Preparando operativo semana santa,21,83,Sin novedad,21,83,Ministerio De Agricultura,Falta de personal Luz electrica y baños descompuestos ,21,83,Limpieza de la playa por motivo de semana santa,,,,,,,
,,0,,,21,PRD                                                                 ,lightblue,Inactivo,,,,,,,,,,,,,21,82,Acueducto,21,82,Complejo habitacional ,60%,Paralizada,21,82,Programación de un cacerolazo por la ADP,21,82,Abusos policiales ,21,82,Sin novedad,21,82,Hospital Municipal De Yaguate,Caos en los pacientes por falta de personal médico.,21,82,Paralizacion de docencia por ADP,,,,,,,
,,0,,,21,PRSC  ,red,Inactivo,,,,,,,,,,,,,21,140,Escuela Básica De Nigua,21,140,No reportada,No reportada,No reportada,21,140,Falta de pago al personal  de  Ministerio de Medio Ambiente ,21,140,En Patrullaje,21,140,Sin novedad,21,140,Hospital Municipal De Nigua ,Falta de personal ,21,140,Proyecto de ley de tasa 0% ,,,,,,,
4/11/2022,20,20,Luis Caminero,,20,PRM  ,darkblue,DESEMPLEO,SAMANÁ,CALLES DE SAMANÁ ,MOPC,DELIGNE ASCENCION,MOPC,DELIGNE ASCENCION,MOPC,MOPC,DELIGNE ASCENCION,CALLES DE SAMANÁ ,MOPC,DELIGNE ASCENCION,20,65,Sin reporte,20,65,CARRETERA ENTRADA A SAMANA,30%,PROGRESO ,20,65,DESEMPLEO DE DIRIGENTES Y MILITANTES DEL PRM ,20,65,DIGESETT CAUSA ESTRAGOS A CIUDADANIA TRABAJADORA ,20,65,Sin novedad,20,65,MINISTERIO DE EDUCACION,ESCUELA PRIMARIA LOS CACAOS SE NECESITA PERSONAL DE LIMPIEZA,20,65,PLDISTAS EN POSICIONES QUE DEBEN OCUPAR LOS PRMISTAS,20,65,USA CONCLUYE QUE MILITARES RUSOS COMETEN CRIMENES DE GUERRA EN UCRANIA,IGP03DO20,"La gran actividad politica de los partidos de oposición es importante en el reporte de esta semana en Samaná.
Sigue la ola de atracos en toda la provincia esto afecta el turismo que ha experimentado un buen nivel de recuperación. Prosigue el tema del mal comportamiento de los agentes de Digessett.
Se deben retomar los trabajos del muelle turistico pues fortalecería la estructura productiva.",,
,,0,,,20,PLD,purple,REUNIONES CONSTANTES POCO MOVIMIENTO ACTIVISTA  ,,,,,,,,,,,,,20,66,CEMENTERIO MUNICIPAL ,20,66,MUELLE TURISTICO ,0%,SIN AVANCE,20,66,DELINCUENCIA AZOTA LA ZONA,20,66,ATRACOS Y DELINCUENCIA ,20,66,VIAJES ILEGALES,20,66,MARINA DE GUERRA,APRESAN A 60 PERSONAS QUE INTENTABAN VIAJAR ILEGALMENTE A PR,20,66,ATRACOS Y ACCIDENTES DE TRANSITO ,20,66,NAUFRAGIO DE EMBARCACION VIAJE ILEGAL CUERPOS RECUPERADOS ,,,,
,,0,,,20,FP,green,REUNIONES CONSTANTES ,,,,,,,,,,,,,,,,,,,,,,,,,,,,,,,,,,,,,,,,,,,
,,0,,,20,PRD                                                                 ,lightblue,Inactivo,,,,,,,,,,,,,,,,,,,,,,,,,,,,,,,,,,,,,,,,,,,
,,0,,,20,PRSC  ,red,Inactivo,,,,,,,,,,,,,,,,,,,,,,,,,,,,,,,,,,,,,,,,,,,
4/11/2022,34,34,Pedro Martinez,Alexis Provocon,34,PRM  ,darkblue,PRM fuera del tren gubernamental,SDO,Zona de expansión Autopista Duarte,OPRET,Rafael Antonio Santos Pérez,Ayuntamiento de Santo Domingo Oeste,No reportado,Falta de agua potable,CASSD,Rafael Suberví,Falta de agua potable,CASSD,Rafael Suberví,34,224,No reportado,34,224,Remozamiento y acondicionamiento de la Av Isabel Aguiar,60%,En Proceso,34,224,Falta de agua potables en todo el municipio,34,224,Preparando operativo Semana Santa,34,224,Sin novedad,34,224,Alcaldia SDO,Gran cantidad de basura en el Municipio,34,224,Calles y aceras en mal estado,34,224, 75% de clientes de las EDES serán afectados por nueva alza en la tarifa eléctrica.,IGP03DO34,"El impacto a corto y largo plazo de la expansión de la Autopista Duarte es una información relevante en esta comunidad.
Se debe poner interés municipal a la gran cantidad de basuras en el municipio cabecera.
La falta de agua potable por lo no existencia de acueductos funcionales podria ser un detonante de protestas.
La inseguridad en las calles por la ola de asaltos es un tema a destacar.",,
,,0,,,34,PLD,purple,Constante oposición en los medios.,,,,,,,,,,,,,34,229,No reportado,34,229,Puente Cristo Redentor Los Girasoles-Pantoja,5%,En Proceso,34,229,Inundación de 14 viviendas de los Sectores el Fiury y la 800ta en Pantoja,34,229,Atracos en zonas de la comunidad,34,229,Sin novedad,34,229,Junta Municipal,Junta  Municipal de Pantoja realizó un Carnaval el día 27 de Marzo  y la Reina fue la Sra. Gloria Reyes y el Rey el Sr. Rolfi Rojas,34,229,Ola de atracos en diferentes sectores,,,,,,,
,,0,,,34,FP,green,En eventos y reuniones.,,,,,,,,,,,,,34,228,Carretera que conecta el belico con el casco urbano de Pedro Brand,34,228,El plan social  entrega distintos electrodomésticos a personas no necesitadas e inclusive guardias,100%,En Proceso,34,228, Falta de agua e inseguridad en todo  Pedro Brand,34,228,Inseguridad en todo  Pedro Brand,34,228,Sin novedad,34,228,Ministerio de Obras Públicas,Asfaltando un tramo importante de la carretera Duarte Vieja entre el barrio Eduardo brito y el sector del  27,34,228,Asfaltado de las calles,,,,,,,
,,0,,,34,PRD                                                                 ,lightblue,Inactivo,,,,,,,,,,,,,,,,,,,,,,,,,,,,,,,,,,,,,,,,,,,
,,0,,,34,PRSC  ,red,Inactivo,,,,,,,,,,,,,,,,,,,,,,,,,,,,,,,,,,,,,,,,,,,
4/12/2022,29,29,BIANETTE CASTILLO,,29,PRM  ,darkblue,SUS MILITANTES TIENEN GRAN DESCONTENTO POR LOS NOMBRAMIENTOS  ,YAMASA,PUENTE DE HOJA ANCHA,OBRAS PUBLICA,DELIGNE ASCENCION,MINERD,ROBERTO FURCAL,LOS EMPLEOS DE LA BASE DEL PARTIDO,PRM,IGNACIO PALIZA,CUARTEL DE YAMASA NO CABEN 30 PRESOS Y HAY MAS DE 75 EN PESIMAS CONDICIONES,POLICIA NACIONAL,Eduardo  Then,29,8,ASFALTADO DE LA CARRETERA MONTE PLATA -SANTO DOMINGO,29,8,EL ACUEDUCTO DEL MUNICIPIO  ,20%,EN PROGRESO,29,8,LOS CAMINOS VECINALES ESPECIALMENTE LA ENTRADA DEL HOSPITAL,29,8,Preparativo para Semana Santa,29,8,SIN NOVEDAD,29,8,GOBERNACION,TRATAR TEMAS DE LOS CAMINOS VECINALES DEL MUNICIPIO DE MONTE PLATA,29,8,LA BUENA VALORACION DEL PRESIDENTE DE LA REPUBLICA,29,8,ENTREGAS DE TARJETAS SUPERATE,IGP03DO29,Se destaca la cantidad de obras iniciadas por el gobierno  en la Provincia. Muy buena imagen pública de Superate. Uno de los temas a mostrar interés es el de los caminos vecinales ya que puede ser un detonante para protestas. Las condiciones del cuartel policial es una información a destacar. sigue teniendo importancia la situación de los miembros del PRM por la falta de empleos.,,
,,0,,,29,PLD,purple,ESTAN RESAGADOS,,,,,,,,,,,,,29,153,HOSPITAL DE PERALVILLO,29,153,PUENTE SOBRE EL RIO CONVENTO,35%,EN PROGRESO,29,153,NO REPORTADA,29,153,EN PATRULLAJE,29,153,SIN NOVEDAD,29,153,INAPA,REINICIO DE OBRAS DE CONSTRUCCION DEL ACUEDUCTO MUNICIPAL,29,153,CRISIS UCRANIANA,29,153,ANUNCIO CONSTRUCCION ACUEDUCTO GUAZUMA- PENSON,,,,
,,0,,,29,FP,green,CONSTANTES REUNIONES ,,,,,,,,,,,,,29,90,CAMINO VECINALES LOS CHINOS,29,90,CONSTRUCCION DEL PARQUE BOYA  ,1%,EN PROGRESO,29,90,EMPLEO MILITANTES DEL PRM,29,90,EN PATRULLAJE,29,90,SIN NOVEDAD,29,90,SUPERATE,OPERATIVOS DE ENTREGA DE TARJETAS EN EL MUNICIPIO,29,90,ENTREGAS DE TARJETAS SUPERATE,29,90,LA VISITA DEL PRESIDENTE,,,,
,,0,,,29,PRD                                                                 ,lightblue,INACTIVO,,,,,,,,,,,,,29,4,REPARACION CAMINO VECINAL DE PILANCON,29,4,CARRETERA BAYAGUANA-GUERRA,30%,EN PROGRESO,29,4,BUEN DESEMPEÑO DE SUPERATE EN TODO EL MUNICIPIO,29,4,CONDICIONES DEL CUARTEL DE YAMASA ,29,4,SIN NOVEDAD,29,4,SUPERATE,PERSONAS NECESITADAS TARJETA SUPERATE ,29,4,EL COMBO DE INESPRE PARA SEMANA SANTA,29,4,DIFERENTES OBRAS INICIADAS POR EL GOBIERNO,,,,
,,0,,,29,PRSC  ,red,INACTIVO,,,,,,,,,,,,,29,5,PUENTE DE HOJA ANCHA,29,5,CONSTRUCCION DEL PUENTE MAMATINGO,50%,EN PROGRESO,29,5,CANALIZANDOLE LA TARJETA SUPERATE A LOS MAS NECESITADOS,29,5,EN PATRULLAJE,29,5,SIN NOVEDAD,29,5,SUPERATE,SOLICITUD DE TARJETAS PARA PERSONAS DE ESCASOS RECURSOS,29,5,EL MAL MANEJO DE LOS FISCALES,29,5,EL ABUSO DE LA ADP ,,,,
4/12/2022,31,31,Jasmín Abreu ,Rafael Amparo,31,PRM  ,darkblue,Inconformidad por la falta de nombramiento de los dirigentes del partido,Sabana Larga,Reparación de viviendas ,Ministerio de la  Vivienda,Carlos Bonilla Sánchez,Ministerio de Educación,Roberto Fulcar,Situación en las escuelas y la falta de alimentos,Ministerio de Educación,Roberto Fulcar,Poca solución a los temas educativos y la desvinculación de maestros que no estan trabajando y siguen en nomina ,Ministerio de Educación,Roberto Fulcar,31,13,Construcción de carcel pública,31,13,Asfaltado de las calles Municipio de Ocoa Y Sabana Larga ,73%,En progreso,31,13,Escases de agua potable para Ocoa y Sabana Larga,31,13,Preparativos semana santa,31,13,Sin novedad,31,13,Oficina provincial de la mujer ,Charlas y talleres,31,13,Reconstrucción tramo carretera Sabana Larga- Rancho Arriba ,31,13,Falta de alimentos y maestros en centro educativo,IGP03DO31,"Se reportan actividades de 3 municipios de San José de Ocoa.
Importantes avances en las obras en construcción- Relevante el hallazgo de la situación del desayuno escolar según el reporte no llega en cantidad de suficiente y en otros casos no llega a las escuelas. El tema la tasa cero para algunos aranceles es tema importante en comunidades agricolas. Ha traido jubilo el asfaltado de las calles.",,
,,0,,,31,PLD,purple,No realizó actividades,,,,,,,,,,,,,31,152,Puente Monte Negro ,31,152,Reparación de viviendas ,38%,En progreso,31,152,Situación de Maestros que se fueron al extranjero sin dejar sustitutos y siguen cobrando en la Escuela Ezequiel Medina.,31,152,En patrullaje,31,152,Sin novedad,31,152,Hospital Guarionex Alcantara ,Continuación de trabajo de ampliación ,31,152,Proyecto de ley de tasa 0% a los productos de la canasta familiar  ,,,,,,,
,,0,,,31,FP,green,No realizó actividades,,,,,,,,,,,,,31,150,Acueducto del municipio,31,150, Asfalto carretera Ocoa-Sabana Larga ,90%,En progreso,31,150,La falta de empleos en distintas instituciones,31,150,Preparando operativo Semana Santa,31,150,Sin novedad,31,150,INAPA,No reportados,31,150,La comida de la tanda extendida la mayoria de los niños se quedan si almuerzo,,,,,,,
,,0,,,31,PRD                                                                 ,lightblue,Inactivo,,,,,,,,,,,,,,,,,,,,,,,,,,,,,,,,,,,,,,,,,,,
,,0,,,31,PRSC  ,red,Inactivo,,,,,,,,,,,,,,,,,,,,,,,,,,,,,,,,,,,,,,,,,,,
4/12/2022,13,13,Roberto Diaz,Rafael Olmos,13,PRM  ,darkblue,Esperando empleos de los compañeros,La Vega,Trabajos de caminos vecinales en progreso ,MOPC,Deligne Ascención ,Ministerio de medio Ambiente,Orlando Jorge ,Humo provocado por quema de paja de arroz,Ministerio de Medio Ambiente ,Orlando Jorge ,Investigada circunstancias de la muerte a tiros de un peluquero en Jima Abajo a manos de la policia,Policia Nacional,Alberto Then,13,47,Acueductos de distintos municipios,13,47,UASD-CURVE,60%,En progreso,13,47,Reparación de caminos vecinales,13,47,En patrullaje,13,47,Sin novedad,13,47,Escuela El Ranchito ,Precisa de intervención  en su infraestructura para garantizar integridad de los estudiantes ,13,47,Inicio de trabajos de caminos vecinales. ,13,47,Quejas por humo provocado por quema de paja de arroz afecta salud de la ciudadania.  ,IGP03DO13,Avances en la construcción de la UASD y de los caminos vecinales de Jima destacan como obras principales en esta provincia. Se debe tener en cuentas que la construcción de acueductos en los dos municipios presentados fueron obras prometidas que aun no han iniciado. En término políticos la unificación del discruso opositor se destaca- Las grandes humaradas producidas por el humo que se produce con la quema de pajas de arroz es la principal queja en el municipio cabecera. Se destaca como detonante social la muerte a tiros de un joven en la comunidad a manos de la policia.Aparecen pequeños problemas de reparación y calidad de servicios en algunas instituciones solucionables con inversiones minimas. ,,
,,0,,,13,PLD,purple,Campana de descredito contra gestión de gobierno.,,,,,,,,,,,,,13,122,Acueducto multiple Jima Abajo,13,122,Caminos vecinales,60%,En progreso,13,122,Atender construcción del Puente de las 7S puede provocar problemas. ,13,122,Policias ultimaron a peluquero querido en el pueblo. ,13,122,Sin novedad,13,122,Escuela Básica Domitila Grullón ,Banos averiados y comedor sin concluir,13,122,Construcción de cuartel en la Presa de Rincon ,13,122,,,,,
,,0,,,13,FP,green,Campana de descredito contra gestión de gobierno.,,,,,,,,,,,,,,,,,,,,,,,,,,,,,,,,,,,,,,,,,,,
,,0,,,13,PRD                                                                 ,lightblue,Inactivo,,,,,,,,,,,,,,,,,,,,,,,,,,,,,,,,,,,,,,,,,,,
,,0,,,13,PRSC  ,red,Inactivo,,,,,,,,,,,,,,,,,,,,,,,,,,,,,,,,,,,,,,,,,,,
4/12/2022,7,7,BIANETTE CASTILLO,Ana María Castillo,7,PRM  ,darkblue,PREPARANDO SU CONVENCION                                                                                                                                                JUARAMENTA SUS NUEVAS AUTORIDADES,COMENDADOR,CARRETERA COMENDADOR -MACASIAS-GUAROA,OBRAS PUBLICAS,DELIGNE ASCENCION,SNS,MARIO LAMA,LA LENTITUD DE LOS NOMBRAMIENTOS DEL LOS COMPAÑEROS DEL PARTIDO,PRM,IGNACIO PALIZA,CARRETERA MACASIA-GUAROA SE DIO EL PALAZO Y NO  ACABA DE INICIAR ES LA OBRA MAS CRITICA DE LA PROVINCIA Y LA ALCALDIA INICIA CONSTRUCCION DE MERCADO MUNICIPAL EN PEDRO SANTANA,OBRAS PUBLICA                                                 ALCADIA PEDRO SANTAN,DELIGNE ASCENCION                                                        HIPOLITO VALENZUELA ,7,16,No reportada,7,16,PRESA DE JOCA,0%,INDRHI,7,16, DETENCION DEL TRAFICO DE MERCANCIAS HACIA EL VECINO PAIS DE HAITI,7,16,EN PATRULLAJE,7,16,TRAFICO DE MERCANCIAS HACIA EL VECINO PAIS DE HAITI,7,16,SALUD PUBLICA    ,SITUACION HOSPITAL ROSA DUARTE                                                                                                                                           ,7,16,DESVINCULACION DE PERSONAL DE MIGRACION,7,16,PREPARACION DE TERRENO A PRODUCTORES AGRICOLAS(SIEMBRA DE MAIZ),IGP03DO7,Avanza la gestion de gobierno construyendo obras en esta provincia. Como tema social es relevante el trafico de mercancia hacia Haiti. La sequi se torna como un problema de importancia destancandose la de los Memisos. Prosiguen las quejas por la calidad del almuerzo escolar. Problemas menores posibles de resolver en el nivel local se acumulan.,,
,,0,,,7,PLD,purple,CONSTANTE REUNIONES,,,,,,,,,,,,,7,15,ACUEDUCTO DE BANICA,7,15,HOSPITAL MUNICIPAL ,60%,EN PROGRESO ,7,15,LA SEQUIA DE LOS MEMISOS,7,15,EN PATRULLAJE,7,15,FALTA DE VIGILANCIA EN LA ZONA FRONTERIZA EN HORARIO NOCTURNO,7,15,ESCUELA LOS YAREYES,QUEJAS POR EL ALMUERZO ESCOLAR,7,15,PERFORACION DE POZOS EN SABANA HIGUERO,7,15,FALTA DE AGUA EN LOS MEMISOS,,,,
,,0,,,7,FP,green,NO HUBO ACTIVIDAD ESTA SEMANA,,,,,,,,,,,,,7,74,CONSTRUCCION DE 15 ESCUELAS EN ZONAS RURALES,7,74,TERMINACIÓN DEL POLIDEPORTIVO ,60%,EN PROGRESO,7,74,DESCONTROL MIGRATORIO,7,74,EN PATRULLAJE,7,74,SIN NOVEDAD,7,74,LICEO PEDRO SANTANA,FILTRACIONES DE LA PLANTA FISICA Y FALTA DE PERSONAL ADMINISTRATIVO,7,74,ENTRADA DE INDOCUMENTADOS HAITIANOS SIN CONTROL MIGRATORIO,7,74,INICIO DEL MERCADO MUNICIPAL,,,,
,,0,,,7,PRD                                                                 ,lightblue,INACTIVO,,,,,,,,,,,,,7,110,REMODELACION Y AMPLIACION DEL ACUEDUCTO MULTIPLE ,7,110,PARQUE ,85%,EN PROGRESO,7,110,LA PLANTA FISICA DE AGRICULTURA ESTA DETERIORADA,7,110,EN PATRULLAJE,7,110,SIN NOVEDAD,7,110,AGRICULTURA  ,FALTA DE EMPLEADOS Y TECNICOS ,7,110,DESMONTE ARANCELARIO DE VARIOS ARTICULOS DE PRIMERA NECESIDAD,7,110,LA ENTREGA DEL 30% DE LAS AFP,,,,
,,0,,,7,PRSC  ,red,INACTIVO,,,,,,,,,,,,,,,,,,,,,,,,,,,,,,,,,,,,,,,,,,,
4/11/2022,17,17,Jasmín Abreu ,Rafael Amparo,17,PRM  ,darkblue,Esperando por los puestos en el Estado.,Don Gregorio Nizao,Asfaltado,Ministerio de Obras Públicas,Deligne Ascención,Medio Ambiente,Orlando Jorge Mera,Invasión de terreno,Bienes Nacionales,Cesar Cedeño,Las invasiones a los terrenos públicos y privados ,Bienes Nacionales,Cesar Cedeño,17,3,Construcción de las obras de los hierros,17,3,Construcción de INAIPI,50%,En progreso.,17,3,Invasores de terrenos tanto públicos como privados ,17,3,Invasión de terrenos,17,3,Sin novedad.,17,3,Hospital Nuestra Señora de la Regla,En excelente estado,17,3,La aprobación de la tasa cero a 67 productos de la canasta familiar,17,3,El anuncio que hizo medio ambiente de instalar una oficina de apoyo en el municipio,IGP03DO17,Buenas noticias en la provincia Peravia sobre todo el buen funcionamiento del Hospital y la casi culminación del comedor en Don Gregorio. Destaca en el ambiente politico la participación de empleados de la administración público en actos de opositores. La posible instalación de una oficina de medioambiente en las margenes del rio es una hallazgo destacado pues permitirá un mejor control medioambiental.Sigue latente la situación social debido a las invasiones de tierras privadas y públicas.,,
,,0,,,17,PLD,purple,Dririgentes del PLD se reune en la que participan empleados públicos.,,,,,,,,,,,,,17,84,No reportada,17,84,Comedor económico,97%,En progreso.,17,84,Ampliación de la linea de extensión de agua hacia barrio marginado por su alta escases,17,84,Sin reporte,17,84,Sin novedad.,17,84,No hubo visitas,No hubo visitas,17,84,Caminata por motivos de la extracción de materiales en el rio Nizao ,17,84,,,,,
,,0,,,17,FP,green,No realizó actividades,,,,,,,,,,,,,,,,,,,,,,,,,,,,,,,,,,,,,,,,,,,
,,0,,,17,PRD                                                                 ,lightblue,Inactivo,,,,,,,,,,,,,,,,,,,,,,,,,,,,,,,,,,,,,,,,,,,
,,0,,,17,PRSC  ,red,Inactivo,,,,,,,,,,,,,,,,,,,,,,,,,,,,,,,,,,,,,,,,,,,
4/11/2022,2,2,Jasmín Abreu ,Rafael Amparo,2,PRM  ,darkblue,Molestia e inconformidad por falta de empleo,Padres Las Casas,Carretera Padres Las Casas,Ministerio de Obras Públicas,Deligne Ascención,Ministerio de Educación,Roberto Fulcar ,Obras en construcción sin dar con culminación,Ministerio de Obras Públicas,Deligne Ascención,"La ADP colapsa el sistema educativo, hace falta un acercamiento con el gobierno central. ",Ministerio de Educación, Roberto Fulcar ,2,10,Acueducto Azua,2,10,Estadio Américo Hernández,90%,En progreso,2,10,Los Nombramiento de maestros en la escuelas y liceos,2,10,Reunión en el palacio de justicia con el Coronel y el Dir. Provincial.,2,10,Sin novedad,2,10,Ministerio de Educación ,Necesidad de ampliación del plantel escolar en las Yayitas ,2,10,Asfaltado de la calle ,2,10,Los trabajos de remodelación del parque central,IGP03DO02,Esta semana hubo reportes de 9 de los municipios de Azua-Se mantiene como tema principal la situación de la ADP pero sobresalen situaciones en el sector salud en cada uno de los municipios que van desde las UNAP hasta clínicas municipales- En muchos casos las situaciones encontradas son necesidades de respuestas a pequeños problemas que podrían resolverse de manera rápida y quizás a bajo costos-La situación interna del PRM con el tema de los nombramientos a los miembros parece continuar como un tema de crisis potencial.,,
,,0,,,2,PLD,purple,No ha realizado actividades,,,,,,,,,,,,,2,132,La construcción de un Sub Centro De Salud con 22 camas ,2,132,Funeraria municipal,%,En progreso,2,132,Nombramiento de los PRMístas,2,132,En patrullaje,2,132,Sin novedad,2,132,UNAP,Falta de medicamentos ,2,132,Falta de nombramiento de personal de apoyo en los centros educativos y otras oficinas ,2,132,Bomba de acueducto esta dañada,,,,
,,0,,,2,FP,green,Sin actividad,,,,,,,,,,,,,2,105,Acueducto,2,105,Remodelación del hospital,85,En progreso,2,105,Puente en la entrada de Guayabal  cuando llueve deja el municipio incomunicado,2,105,En patrullaje,2,105,Sin novedad,2,105,Escuela Demetrio Morillo,La verja perimetral se está cayendo ,2,105,La falta de una ambulancia en el hospital de Guayabal,2,105,La reposición del encargado forestal Leonel Rosario siendo este dirigente del PLD,,,,
,,0,,,2,PRD                                                                 ,lightblue,Inactivo,,,,,,,,,,,,,2,135,Gaviones Rio Ocoa,2,135,Funeraria municipal,%,En progreso,2,135,Falta de profesores en escuelas y liceos,2,135,En patrullaje,2,135,Sin novedad,2,135,Clinica del Municipio,En abandono total,2,135,La falta de los empleos,2,135,Reunión con el Director regional de salud,,,,
,,0,,,2,PRSC  ,red,Inactivo,,,,,,,,,,,,,2,125,Puente para el sector la Yayas Arriba,2,125,El acueducto de las Yayas Arriba,50,Paralizada,2,125,La falta de médicos en las policlinicas,2,125,Robo de bomba del acueducto,2,125,Sin novedad,2,125,INAPA,El robo de la bomba número 3 y todos los cables ,2,125,Las policlinicas están cerrada de viernes a lunes ,2,125,La mayoria de los delegados de la convención del PRM dicen que no van a votar sino terminan de nombrarlos ,,,,
,,0,,,,,,,,,,,,,,,,,,,2,17,Electrificación de la comunidad de Villa Palomino,2,17,Construcción del Liceo del distrito de Las Lagunas,85,En progreso,2,17,Espera de nombramientos a los maestros que pasaron el concurso,2,17,En patrullaje,2,17,Sin novedad,2,17,Hospital Nuestra Señora del Carmen,Falta de equipos para la sala de emergencia,2,17,Reemplazo de tarjetas superate a 500 beneficiarios que tenian 2 y 3 meses sin cobrar,2,17,Alza de los precios de los artículos de primera necesidad,,,,
,,0,,,,,,,,,,,,,,,,,,,2,106,Canalización del Río Jura,2,106,Hospital municipal,%,En progreso,2,106,La falta de Desayuno y almuerzo escolar en distintos centros,2,106,PN muy activa,2,106,Sin novedad,2,106,Hospital Municipal,Trabajando en la terminación del area de emergencia y poniendo capa Asfáltica de todos los techos,2,106,Constante queja con los suplidores de almuerzo escolar,2,106,Huelga de la ADP,,,,
,,0,,,,,,,,,,,,,,,,,,,2,154,Aceras y contenes ,2,154,Escuela de tanda extendida,80,En progreso,2,154,No reportada,2,154,En patrullaje,2,154,Sin novedad,2,154,No visitada,No hubo visitas,2,154,Altos precios de la canasta familiar,2,154,Sin novedad,,,,
,,0,,,,,,,,,,,,,,,,,,,2,126,Acueducto en Amiama Gómez,2,126,Puente sobre el rio tabara,85,Paralizada,2,126,Falta de transparencia de la alcaldia ,2,126,Robos en viviendas,2,126,Sin novedad,2,126,Clinica de Tabara Arriba,Se encontraron a las doctoras y demas haciendo ellos la conserjeria,2,126,Los avances de caminos vecinales e interparcelarios por el ministerio de agricultura,2,126,Robo a varias viviendas del municipio,,,,
